{"epoch/loss": 2400583.5, "epoch/mean_absolute_error": 1260.0123291015625, "epoch/val_loss": 2401934.5, "epoch/val_mean_absolute_error": 1260.0849609375, "epoch/epoch": 19, "_timestamp": 1715105661.1916957, "_runtime": 7966.119189739227, "_step": 19}