{"epoch/loss": 2400334.5, "epoch/mean_absolute_error": 1259.844482421875, "epoch/val_loss": 2404030.25, "epoch/val_mean_absolute_error": 1261.1641845703125, "epoch/epoch": 8, "_timestamp": 1715042772.571296, "_runtime": 2833.6236538887024, "_step": 8}