{"epoch/loss": 17063872.0, "epoch/mean_absolute_error": 3134.998291015625, "epoch/val_loss": 2840967.75, "epoch/val_mean_absolute_error": 1330.168701171875, "epoch/epoch": 0, "_timestamp": 1715030739.2350354, "_runtime": 1227.9785273075104, "_step": 0}