{"epoch/loss": 0.0014825876569375396, "epoch/mean_absolute_error": 0.012412622570991516, "epoch/val_loss": 0.2109096497297287, "epoch/val_mean_absolute_error": 0.4198620319366455, "epoch/epoch": 19, "_timestamp": 1715118140.967221, "_runtime": 9066.27568411827, "_step": 19}